example,p,M,relative_improvement_mean,relative_improvement_ci_low,relative_improvement_ci_high,n_seeds
seir,0,0,7.8267199579e-17,-4.70487712832e-05,3.877826822e-05,20
seir,0,0.005,-0.000178802233566,-0.000228498857109,-0.000123473236177,20
seir,0,0.01,-0.000326357414717,-0.000363635610851,-0.000289772974027,20
seir,0,0.02,-0.000507321163409,-0.000543682117186,-0.000469200423762,20
seir,0,0.03,-0.000676767674696,-0.000754342826905,-0.000615372040429,20
seir,0,0.04,-0.000967191821932,-0.00101930695606,-0.000919769260259,20
seir,0,0.05,-0.00255974802219,-0.00277257546801,-0.00230572715465,20
seir,0,0.06,-0.00300748688517,-0.00304072246126,-0.00298099398898,20
seir,0,0.08,-0.00503050167668,-0.00519504285053,-0.00486588606887,20
seir,0,0.1,-0.00820893594385,-0.00881725039617,-0.00758961432568,20
seir,0,0.15,-0.0131854605377,-0.0132093429419,-0.0131457973402,20
seir,0,0.2,-0.0204580819507,-0.0204580819507,-0.0204580819507,20
seir,0,0.3,-0.0237600981656,-0.0239208211798,-0.0235993751515,20
seir,0,0.5,-0.024161905701,-0.024161905701,-0.024161905701,20
seir,0,0.75,-0.024161905701,-0.024161905701,-0.024161905701,20
seir,0,1,-0.024161905701,-0.024161905701,-0.024161905701,20
seir,0.125,0,-7.70217223334e-17,-0.000259679718463,0.000298502206239,20
seir,0.125,0.005,0.00123544155665,0.000882474034562,0.00152325474799,20
seir,0.125,0.01,0.00176486664699,0.00173615161181,0.00179571722966,20
seir,0.125,0.02,0.00196246429291,0.00189777491364,0.00202414828081,20
seir,0.125,0.03,0.00201803339158,0.00195305520973,0.0020730923074,20
seir,0.125,0.04,0.00200700845205,0.00196092174636,0.00203843413889,20
seir,0.125,0.05,0.00100668755015,0.000865912107056,0.00117717224806,20
seir,0.125,0.06,0.000757671341118,0.000737646664751,0.000773213419905,20
seir,0.125,0.08,-0.000417266324947,-0.000513620279372,-0.000323009395585,20
seir,0.125,0.1,-0.00228283948899,-0.00263248765182,-0.00192488610621,20
seir,0.125,0.15,-0.00579804918167,-0.00582623779078,-0.00576256887204,20
seir,0.125,0.2,-0.0106480427434,-0.0106480427434,-0.0106480427434,20
seir,0.125,0.3,-0.0131331907181,-0.0132624720234,-0.0130039094127,20
seir,0.125,0.5,-0.0134563939815,-0.0134563939815,-0.0134563939815,20
seir,0.125,0.75,-0.0134563939815,-0.0134563939815,-0.0134563939815,20
seir,0.125,1,-0.0134563939815,-0.0134563939815,-0.0134563939815,20
seir,0.25,0,2.53703308362e-17,-0.000561693738292,0.000644541505178,20
seir,0.25,0.005,0.00271231373274,0.00192607225726,0.00335447530036,20
seir,0.25,0.01,0.00395719913858,0.00389304480603,0.00402217601448,20
seir,0.25,0.02,0.00441684071802,0.00429028818872,0.00454177166483,20
seir,0.25,0.03,0.00462531573052,0.00453946069437,0.00470605780194,20
seir,0.25,0.04,0.00481381534548,0.00476307871303,0.00484505912574,20
seir,0.25,0.05,0.00423973600764,0.00414608032444,0.00435124276202,20
seir,0.25,0.06,0.00415456746284,0.00414285907197,0.00416165577788,20
seir,0.25,0.08,0.00385694010624,0.00382926740956,0.00388446442611,20
seir,0.25,0.1,0.00338169875257,0.00326913516149,0.00349493552303,20
seir,0.25,0.15,0.00146248410214,0.00141358459325,0.00151879420376,20
seir,0.25,0.2,-0.00199683624401,-0.00199683624401,-0.00199683624401,20
seir,0.25,0.3,-0.0037131630933,-0.00381161728511,-0.00361470890148,20
seir,0.25,0.5,-0.00395929857284,-0.00395929857284,-0.00395929857284,20
seir,0.25,0.75,-0.00395929857284,-0.00395929857284,-0.00395929857284,20
seir,0.25,1,-0.00395929857284,-0.00395929857284,-0.00395929857284,20
seir,0.375,0,-1.25480138433e-16,-0.000869940037258,0.000988643216759,20
seir,0.375,0.005,0.00416605064446,0.00296171633721,0.00515367347556,20
seir,0.375,0.01,0.00610563506655,0.00600964830396,0.00620096789473,20
seir,0.375,0.02,0.00672481218217,0.00655539147741,0.00689328521454,20
seir,0.375,0.03,0.00703164999363,0.00692968473071,0.00713557035459,20
seir,0.375,0.04,0.00735916267537,0.0072999583684,0.00740263841579,20
seir,0.375,0.05,0.00706138370012,0.00699339846652,0.00714261634791,20
seir,0.375,0.06,0.0071085355091,0.00709088193815,0.00712942188703,20
seir,0.375,0.08,0.00766901002806,0.00758233796716,0.00776530289933,20
seir,0.375,0.1,0.00868222526852,0.00855707353053,0.00880053899327,20
seir,0.375,0.15,0.00833547480008,0.00826510597055,0.0084239563703,20
seir,0.375,0.2,0.00585405273459,0.00585405273459,0.00585405273459,20
seir,0.375,0.3,0.00488076293114,0.00481294270526,0.00494858315702,20
seir,0.375,0.5,0.00471121236644,0.00471121236644,0.00471121236644,20
seir,0.375,0.75,0.00471121236644,0.00471121236644,0.00471121236644,20
seir,0.375,1,0.00471121236644,0.00471121236644,0.00471121236644,20
seir,0.5,0,1.66316613259e-17,-0.00115937423362,0.00131815276824,20
seir,0.5,0.005,0.00552671333669,0.00392042892641,0.00683845532862,20
seir,0.5,0.01,0.00809348794979,0.00797813003319,0.00821165333886,20
seir,0.5,0.02,0.00878041115296,0.00858443739328,0.0089745517554,20
seir,0.5,0.03,0.0091422669614,0.0090258424593,0.00926015556665,20
seir,0.5,0.04,0.00956027146023,0.0094945593179,0.009613969847,20
seir,0.5,0.05,0.00940641354108,0.0093367940709,0.009482971553,20
seir,0.5,0.06,0.00955748229126,0.00952635868553,0.00959636969243,20
seir,0.5,0.08,0.0109295670133,0.0107404606442,0.0111372902366,20
seir,0.5,0.1,0.0135486546477,0.0132153504235,0.0138714365344,20
seir,0.5,0.15,0.014766706599,0.0146737555999,0.0148897656346,20
seir,0.5,0.2,0.0130477805439,0.0130477805439,0.0130477805439,20
seir,0.5,0.3,0.0128193147476,0.0127821160168,0.0128565134784,20
seir,0.5,0.5,0.0127263179206,0.0127263179206,0.0127263179206,20
seir,0.5,0.75,0.0127263179206,0.0127263179206,0.0127263179206,20
seir,0.5,1,0.0127263179206,0.0127263179206,0.0127263179206,20
seir,0.625,0,-4.92986727829e-17,-0.00142113579669,0.0016220117734,20
seir,0.625,0.005,0.00677102029498,0.0047962124158,0.0083652350024,20
seir,0.625,0.01,0.00987122094393,0.00974475445333,0.00999886848845,20
seir,0.625,0.02,0.0105454844664,0.0103346066792,0.0107557163771,20
seir,0.625,0.03,0.0109271308208,0.0107976661707,0.0110549413237,20
seir,0.625,0.04,0.0113960822775,0.011326545741,0.0114569002481,20
seir,0.625,0.05,0.0112818087227,0.0111978717111,0.0113698521901,20
seir,0.625,0.06,0.0115131894561,0.0114627889225,0.0115729408185,20
seir,0.625,0.08,0.0136248551428,0.0133284538727,0.0139664109746,20
seir,0.625,0.1,0.0179788037119,0.0174602245732,0.0184857165476,20
seir,0.625,0.15,0.0208055834526,0.0206887566809,0.0209709199424,20
seir,0.625,0.2,0.0197159751743,0.0197159751743,0.0197159751743,20
seir,0.625,0.3,0.0202572055047,0.0202507222402,0.0202636887693,20
seir,0.625,0.5,0.0202409973433,0.0202409973433,0.0202409973433,20
seir,0.625,0.75,0.0202409973433,0.0202409973433,0.0202409973433,20
seir,0.625,1,0.0202409973433,0.0202409973433,0.0202409973433,20
seir,0.75,0,1.46768448089e-16,-0.00168754893792,0.00190338267048,20
seir,0.75,0.005,0.00796840430319,0.00565025714796,0.00981912631589,20
seir,0.75,0.01,0.0115159220961,0.0113813112964,0.0116559729927,20
seir,0.75,0.02,0.0121085052891,0.0118836274644,0.0123265438976,20
seir,0.75,0.03,0.0124806223233,0.0123414440562,0.0126171534378,20
seir,0.75,0.04,0.012968123939,0.0128978629028,0.0130328513374,20
seir,0.75,0.05,0.0128362195786,0.0127333839976,0.0129426932754,20
seir,0.75,0.06,0.0131324099747,0.0130662108422,0.0132147163818,20
seir,0.75,0.08,0.0158829843827,0.0154733057265,0.016386764742,20
seir,0.75,0.1,0.0221002936039,0.0214239153155,0.0227586298332,20
seir,0.75,0.15,0.0266364141831,0.026494413722,0.0268462886683,20
seir,0.75,0.2,0.0260823214342,0.0260823214342,0.0260823214342,20
seir,0.75,0.3,0.0274352965523,0.0274109067735,0.0274596863312,20
seir,0.75,0.5,0.0274962709994,0.0274962709994,0.0274962709994,20
seir,0.75,0.75,0.0274962709994,0.0274962709994,0.0274962709994,20
seir,0.75,1,0.0274962709994,0.0274962709994,0.0274962709994,20
seir,0.875,0,-2.42969706854e-17,-0.00201138400982,0.0022399281292,20
seir,0.875,0.005,0.00943236104262,0.00667630098237,0.0115988820098,20
seir,0.875,0.01,0.0134306703686,0.0132912243781,0.0135807704757,20
seir,0.875,0.02,0.013882808315,0.013654660509,0.0141071139191,20
seir,0.875,0.03,0.0142200958515,0.0140682490768,0.0143622763502,20
seir,0.875,0.04,0.0146995416319,0.0146305696525,0.0147676402812,20
seir,0.875,0.05,0.0145684778762,0.0144520568225,0.0146865132633,20
seir,0.875,0.06,0.0149270778353,0.0148447637168,0.0150334498761,20
seir,0.875,0.08,0.0181817851735,0.0176639170161,0.018881255519,20
seir,0.875,0.1,0.0263725609445,0.0255752671876,0.0271457696753,20
seir,0.875,0.15,0.032770053779,0.0325986265713,0.0330264016234,20
seir,0.875,0.2,0.0326773656788,0.0326773656788,0.0326773656788,20
seir,0.875,0.3,0.0348948163232,0.0348393914726,0.0349502411739,20
seir,0.875,0.5,0.0350333784498,0.0350333784498,0.0350333784498,20
seir,0.875,0.75,0.0350333784498,0.0350333784498,0.0350333784498,20
seir,0.875,1,0.0350333784498,0.0350333784498,0.0350333784498,20
seir,1,0,2.95922140958e-16,-0.00277245397763,0.00301534255331,20
seir,1,0.005,0.0127335812982,0.00897423256891,0.015661655899,20
seir,1,0.01,0.0176787394879,0.0175157260785,0.0178502171584,20
seir,1,0.02,0.0179398309867,0.0176976151716,0.0181760476779,20
seir,1,0.03,0.0182190563358,0.0180541078971,0.0183719185135,20
seir,1,0.04,0.0186680999481,0.0185984366824,0.0187384734338,20
seir,1,0.05,0.0186706239392,0.0185642144112,0.0187755008084,20
seir,1,0.06,0.0191085749338,0.0190091852427,0.0192401700689,20
seir,1,0.08,0.0226873710046,0.0220643594153,0.0235996788712,20
seir,1,0.1,0.0329051938227,0.0320367806861,0.0337440856363,20
seir,1,0.15,0.0413450196829,0.041141108622,0.0416486197436,20
seir,1,0.2,0.0416478458253,0.0416478458253,0.0416478458253,20
seir,1,0.3,0.0447814629352,0.044695060272,0.0448678655985,20
seir,1,0.5,0.0449974695934,0.0449974695934,0.0449974695934,20
seir,1,0.75,0.0449974695934,0.0449974695934,0.0449974695934,20
seir,1,1,0.0449974695934,0.0449974695934,0.0449974695934,20
sis,0,0,1.12271845466e-16,-2.3075792204e-05,1.53838614695e-05,20
sis,0,0.005,1.12271845466e-16,-2.3075792204e-05,1.53838614695e-05,20
sis,0,0.01,1.12271845466e-16,-2.3075792204e-05,1.53838614695e-05,20
sis,0,0.02,-0.00010842845599,-0.000279724502665,1.53838614695e-05,20
sis,0,0.03,-0.00238102548364,-0.00238102548364,-0.00238102548364,20
sis,0,0.04,-0.00260775456807,-0.00283448365251,-0.00238102548364,20
sis,0,0.05,-0.00389255271319,-0.00389255271319,-0.00389255271319,20
sis,0,0.06,-0.00389255271319,-0.00389255271319,-0.00389255271319,20
sis,0,0.08,-0.00389255271319,-0.00389255271319,-0.00389255271319,20
sis,0,0.1,-0.00389255271319,-0.00389255271319,-0.00389255271319,20
sis,0,0.15,-0.0200237219948,-0.0204192857799,-0.0192325944247,20
sis,0,0.2,-0.0469634984058,-0.0469634984058,-0.0469634984058,20
sis,0,0.3,-0.0588455461854,-0.0603141167525,-0.0573769756183,20
sis,0,0.5,-0.0595798314689,-0.061048402036,-0.0581112609019,20
sis,0,0.75,-0.0599469741107,-0.0614155446778,-0.0584784035436,20
sis,0,1,-0.0599469741107,-0.0614155446778,-0.0584784035436,20
sis,0.125,0,3.06102799358e-16,-2.9231368274e-05,4.38470524118e-05,20
sis,0.125,0.005,3.06104154611e-16,-2.9231368274e-05,4.38470524118e-05,20
sis,0.125,0.01,3.06102799358e-16,-2.9231368274e-05,4.38470524118e-05,20
sis,0.125,0.02,-5.81540185669e-05,-0.000130651507498,3.06102799358e-16,20
sis,0.125,0.03,-0.000673497916556,-0.000673497916556,-0.000673497916556,20
sis,0.125,0.04,-0.000836140717125,-0.000998783517694,-0.000673497916556,20
sis,0.125,0.05,-0.00175778325368,-0.00175778325368,-0.00175778325368,20
sis,0.125,0.06,-0.00175778325368,-0.00175778325368,-0.00175778325368,20
sis,0.125,0.08,-0.00175778325368,-0.00175778325368,-0.00175778325368,20
sis,0.125,0.1,-0.00175778325368,-0.00175778325368,-0.00175778325368,20
sis,0.125,0.15,-0.0143463582471,-0.0146412413855,-0.0137565919703,20
sis,0.125,0.2,-0.0359289792063,-0.0359289792063,-0.0359289792063,20
sis,0.125,0.3,-0.0448010470446,-0.046002229602,-0.0435998644871,20
sis,0.125,0.5,-0.0454016383233,-0.0466028208808,-0.0442004557658,20
sis,0.125,0.75,-0.0457019339627,-0.0469031165201,-0.0445007514052,20
sis,0.125,1,-0.0457019339627,-0.0469031165201,-0.0445007514052,20
sis,0.25,0,-1.2797922444e-16,-9.32781406317e-05,0.000139917210947,20
sis,0.25,0.005,-1.2797922444e-16,-9.32781406317e-05,0.000139917210947,20
sis,0.25,0.01,-1.2797922444e-16,-9.32781406317e-05,0.000139917210947,20
sis,0.25,0.02,1.2174296861e-05,-9.32781406317e-05,0.00016405360283,20
sis,0.25,0.03,0.00173769203453,0.00173769203453,0.00173769203453,20
sis,0.25,0.04,0.00162504698554,0.00151240193656,0.00173769203453,20
sis,0.25,0.05,0.000986725041301,0.000986725041301,0.000986725041301,20
sis,0.25,0.06,0.000986725041301,0.000986725041301,0.000986725041301,20
sis,0.25,0.08,0.000986725041301,0.000986725041301,0.000986725041301,20
sis,0.25,0.1,0.000986725041301,0.000986725041301,0.000986725041301,20
sis,0.25,0.15,-0.00852030672572,-0.00872868286315,-0.00810355445085,20
sis,0.25,0.2,-0.0255252270219,-0.0255252270219,-0.0255252270219,20
sis,0.25,0.3,-0.0317915114721,-0.032756613549,-0.0308264093951,20
sis,0.25,0.5,-0.0322740625105,-0.0332391645875,-0.0313089604336,20
sis,0.25,0.75,-0.0325153380298,-0.0334804401067,-0.0315502359528,20
sis,0.25,1,-0.0325153380298,-0.0334804401067,-0.0315502359528,20
sis,0.375,0,4.16848630266e-17,-0.000175603148469,0.000263404722704,20
sis,0.375,0.005,4.16848630266e-17,-0.000175603148469,0.000263404722704,20
sis,0.375,0.01,4.16848630266e-17,-0.000175603148469,0.000263404722704,20
sis,0.375,0.02,9.77407972227e-05,-0.000175603148469,0.00046200952882,20
sis,0.375,0.03,0.00467281273012,0.00467281273012,0.00467281273012,20
sis,0.375,0.04,0.00459957228525,0.00452633184038,0.00467281273012,20
sis,0.375,0.05,0.00418454309766,0.00418454309766,0.00418454309766,20
sis,0.375,0.06,0.00418454309766,0.00418454309766,0.00418454309766,20
sis,0.375,0.08,0.00418454309766,0.00418454309766,0.00418454309766,20
sis,0.375,0.1,0.00418454309766,0.00418454309766,0.00418454309766,20
sis,0.375,0.15,-0.00263641046255,-0.00276993546183,-0.00236936046398,20
sis,0.375,0.2,-0.0156840435821,-0.0156840435821,-0.0156840435821,20
sis,0.375,0.3,-0.0196824570765,-0.0204381972627,-0.0189267168903,20
sis,0.375,0.5,-0.0200603271696,-0.0208160673558,-0.0193045869834,20
sis,0.375,0.75,-0.0202492622162,-0.0210050024024,-0.01949352203,20
sis,0.375,1,-0.0202492622162,-0.0210050024024,-0.01949352203,20
sis,0.5,0,-1.83533743758e-16,-0.000277152661154,0.000415728991731,20
sis,0.5,0.005,-1.8354458578e-16,-0.000277152661154,0.000415728991731,20
sis,0.5,0.01,-1.83533743758e-16,-0.000277152661154,0.000415728991731,20
sis,0.5,0.02,0.000193795674228,-0.000277152661154,0.00082301998029,20
sis,0.5,0.03,0.00801782713452,0.00801782713452,0.00801782713452,20
sis,0.5,0.04,0.00797608870446,0.0079343502744,0.00801782713452,20
sis,0.5,0.05,0.0077395709341,0.0077395709341,0.0077395709341,20
sis,0.5,0.06,0.0077395709341,0.0077395709341,0.0077395709341,20
sis,0.5,0.08,0.0077395709341,0.0077395709341,0.0077395709341,20
sis,0.5,0.1,0.0077395709341,0.0077395709341,0.0077395709341,20
sis,0.5,0.15,0.00326434412394,0.00319599530999,0.00340104175185,20
sis,0.5,0.2,-0.00632850276396,-0.00632850276396,-0.00632850276396,20
sis,0.5,0.3,-0.00834371579539,-0.00891305538031,-0.00777437621048,20
sis,0.5,0.5,-0.00862838558785,-0.00919772517277,-0.00805904600293,20
sis,0.5,0.75,-0.00877072048408,-0.009340060069,-0.00820138089916,20
sis,0.5,1,-0.00877072048408,-0.009340060069,-0.00820138089916,20
sis,0.625,0,1.19826024103e-16,-0.000400395913158,0.000600593869737,20
sis,0.625,0.005,1.19826024103e-16,-0.000400395913158,0.000600593869737,20
sis,0.625,0.01,1.19826024103e-16,-0.000400395913158,0.000600593869737,20
sis,0.625,0.02,0.00029573916047,-0.000400395913158,0.00122469578125,20
sis,0.625,0.03,0.0117057359479,0.0117057359479,0.0117057359479,20
sis,0.625,0.04,0.0116896879205,0.0116736398931,0.0117057359479,20
sis,0.625,0.05,0.0115987490987,0.0115987490987,0.0115987490987,20
sis,0.625,0.06,0.0115987490987,0.0115987490987,0.0115987490987,20
sis,0.625,0.08,0.0115987490987,0.0115987490987,0.0115987490987,20
sis,0.625,0.1,0.0115987490987,0.0115987490987,0.0115987490987,20
sis,0.625,0.15,0.00917541351219,0.00916413723467,0.00919796606723,20
sis,0.625,0.2,0.00262447043062,0.00262447043062,0.00262447043062,20
sis,0.625,0.3,0.00235034956505,0.00194751528187,0.00275318384823,20
sis,0.625,0.5,0.00214893242346,0.00174609814028,0.00255176670664,20
sis,0.625,0.75,0.00204822385267,0.00164538956949,0.00245105813585,20
sis,0.625,1,0.00204822385267,0.00164538956949,0.00245105813585,20
sis,0.75,0,9.79793503275e-17,-0.000548947420843,0.000823421131265,20
sis,0.75,0.005,9.79793503275e-17,-0.000548947420843,0.000823421131265,20
sis,0.75,0.01,9.79793503275e-17,-0.000548947420843,0.000823421131265,20
sis,0.75,0.02,0.000398755482091,-0.000548947420843,0.00166170663492,20
sis,0.75,0.03,0.0157039011522,0.0157039011522,0.0157039011522,20
sis,0.75,0.04,0.0157093709478,0.0157039011522,0.0157148407433,20
sis,0.75,0.05,0.015740366456,0.015740366456,0.015740366456,20
sis,0.75,0.06,0.015740366456,0.015740366456,0.015740366456,20
sis,0.75,0.08,0.015740366456,0.015740366456,0.015740366456,20
sis,0.75,0.1,0.015740366456,0.015740366456,0.015740366456,20
sis,0.75,0.15,0.0151143276015,0.0150364313989,0.0151532757029,20
sis,0.75,0.2,0.0112620847995,0.0112620847995,0.0112620847995,20
sis,0.75,0.3,0.0125207939476,0.0122670651259,0.0127745227692,20
sis,0.75,0.5,0.0123939295367,0.0121402007151,0.0126476583584,20
sis,0.75,0.75,0.0123304973313,0.0120767685097,0.012584226153,20
sis,0.75,1,0.0123304973313,0.0120767685097,0.012584226153,20
sis,0.875,0,3.26995375222e-16,-0.000727309296043,0.00109096394407,20
sis,0.875,0.005,3.26995375222e-16,-0.000727309296043,0.00109096394407,20
sis,0.875,0.01,3.26995375222e-16,-0.000727309296043,0.00109096394407,20
sis,0.875,0.02,0.000497082275446,-0.000727309296043,0.00213824270872,20
sis,0.875,0.03,0.0200051511458,0.0200051511458,0.0200051511458,20
sis,0.875,0.04,0.0200292605686,0.0200051511458,0.0200533699914,20
sis,0.875,0.05,0.020165880631,0.020165880631,0.020165880631,20
sis,0.875,0.06,0.020165880631,0.020165880631,0.020165880631,20
sis,0.875,0.08,0.020165880631,0.020165880631,0.020165880631,20
sis,0.875,0.1,0.020165880631,0.020165880631,0.020165880631,20
sis,0.875,0.15,0.0211155246427,0.020948856764,0.021198858582,20
sis,0.875,0.2,0.0196741227238,0.0196741227238,0.0196741227238,20
sis,0.875,0.3,0.0222841204882,0.0221641231926,0.0224041177838,20
sis,0.875,0.5,0.0222241218404,0.0221041245448,0.022344119136,20
sis,0.875,0.75,0.0221941225165,0.0220741252209,0.0223141198121,20
sis,0.875,1,0.0221941225165,0.0220741252209,0.0223141198121,20
sis,1,0,1.7008963682e-16,-0.000940682468806,0.00141102370321,20
sis,1,0.005,1.7008963682e-16,-0.000940682468806,0.00141102370321,20
sis,1,0.01,1.7008963682e-16,-0.000940682468806,0.00141102370321,20
sis,1,0.02,0.000582814138273,-0.000940682468806,0.00265870607815,20
sis,1,0.03,0.0246213411906,0.0246213411906,0.0246213411906,20
sis,1,0.04,0.0246622404284,0.0246213411906,0.0247031396662,20
sis,1,0.05,0.0248940027762,0.0248940027762,0.0248940027762,20
sis,1,0.06,0.0248940027762,0.0248940027762,0.0248940027762,20
sis,1,0.08,0.0248940027762,0.0248940027762,0.0248940027762,20
sis,1,0.1,0.0248940027762,0.0248940027762,0.0248940027762,20
sis,1,0.15,0.0272252593336,0.0269798639065,0.0273479570471,20
sis,1,0.2,0.0279517077278,0.0279517077278,0.0279517077278,20
sis,1,0.3,0.0317523212299,0.0317523212231,0.0317523212367,20
sis,1,0.5,0.0317523212333,0.0317523212265,0.0317523212401,20
sis,1,0.75,0.031752321235,0.0317523212282,0.0317523212418,20
sis,1,1,0.031752321235,0.0317523212282,0.0317523212418,20
sysrisk,0,0,-4.07605806746e-17,-0.00101784155095,0.00107533605792,20
sysrisk,0,0.05,0.00499285966214,0.00465334316308,0.00530796477331,20
sysrisk,0,0.1,-0.00148413398344,-0.00376658484286,0.000621863803906,20
sysrisk,0,0.2,-0.0369265674987,-0.0381003801628,-0.0357443957478,20
sysrisk,0,0.3,-0.0664397739391,-0.0711362070623,-0.061894485138,20
sysrisk,0,0.4,-0.0981407453414,-0.101690549898,-0.0941395623633,20
sysrisk,0,0.5,-0.235041277939,-0.236627716658,-0.233571260381,20
sysrisk,0,0.6,-0.256540451491,-0.258733489072,-0.254472229316,20
sysrisk,0,0.75,-0.316552539745,-0.320525691285,-0.311921931103,20
sysrisk,0,1,-0.358237703814,-0.365409015184,-0.349832761823,20
sysrisk,0.125,0,-8.84708972748e-18,-0.00322962235883,0.0030912526995,20
sysrisk,0.125,0.05,0.0284482685986,0.0275232422939,0.0293918125993,20
sysrisk,0.125,0.1,0.0343757685147,0.0332469066737,0.0356498144835,20
sysrisk,0.125,0.2,0.0497692791654,0.0484014325396,0.0507991630958,20
sysrisk,0.125,0.3,0.0368216632507,0.0350197041148,0.0386239164148,20
sysrisk,0.125,0.4,0.0161706358133,0.0137995134841,0.0189317113658,20
sysrisk,0.125,0.5,-0.0722085459136,-0.0732685935165,-0.071229822254,20
sysrisk,0.125,0.6,-0.086028653198,-0.0873876460842,-0.0847682772605,20
sysrisk,0.125,0.75,-0.134181088814,-0.137455052641,-0.130725654762,20
sysrisk,0.125,1,-0.16793938961,-0.173499161038,-0.161525810523,20
sysrisk,0.25,0,-1.52081038735e-16,-0.00493522941129,0.00489933753186,20
sysrisk,0.25,0.05,0.0464495710981,0.0447242410246,0.0481645744981,20
sysrisk,0.25,0.1,0.0611325960742,0.0580419484532,0.0645273262497,20
sysrisk,0.25,0.2,0.112968430648,0.111232533898,0.114447929644,20
sysrisk,0.25,0.3,0.111643506197,0.110334361442,0.113269492369,20
sysrisk,0.25,0.4,0.099437957319,0.0972672013027,0.101773412139,20
sysrisk,0.25,0.5,0.0470984628942,0.0462312964576,0.0479904065952,20
sysrisk,0.25,0.6,0.0391110657935,0.0381857364282,0.0399444103069,20
sysrisk,0.25,0.75,0.000104876712556,-0.00264042385767,0.0029628556515,20
sysrisk,0.25,1,-0.0278888281759,-0.0324154271694,-0.0227672618511,20
sysrisk,0.375,0,7.18826040358e-18,-0.00656145124427,0.00633763001571,20
sysrisk,0.375,0.05,0.0607815544025,0.0583694253815,0.0631551254477,20
sysrisk,0.375,0.1,0.0818652393774,0.0774413310859,0.0866962657797,20
sysrisk,0.375,0.2,0.160447578597,0.158319276253,0.162328949735,20
sysrisk,0.375,0.3,0.16738004168,0.16513175777,0.170001447515,20
sysrisk,0.375,0.4,0.16182812175,0.159638421948,0.164282946034,20
sysrisk,0.375,0.5,0.137367765116,0.136270646954,0.138396950639,20
sysrisk,0.375,0.6,0.133923819123,0.132981438024,0.134750250169,20
sysrisk,0.375,0.75,0.102251844678,0.0999093359104,0.104598904285,20
sysrisk,0.375,1,0.0785688983627,0.0747950830569,0.0826532721856,20
sysrisk,0.5,0,7.87998138962e-17,-0.00812949814486,0.00768284658793,20
sysrisk,0.5,0.05,0.0725046709802,0.0694940119778,0.0754293471425,20
sysrisk,0.5,0.1,0.0983927628407,0.0930921481667,0.104261137936,20
sysrisk,0.5,0.2,0.196791390124,0.194235726334,0.199008822414,20
sysrisk,0.5,0.3,0.209529778945,0.206570912192,0.21286037161,20
sysrisk,0.5,0.4,0.20931563226,0.207075300524,0.211895179401,20
sysrisk,0.5,0.5,0.207107552319,0.205732853574,0.208425336181,20
sysrisk,0.5,0.6,0.207265343146,0.206033908202,0.208321683919,20
sysrisk,0.5,0.75,0.181652216217,0.179558855292,0.1836529877,20
sysrisk,0.5,1,0.16123341441,0.15809955546,0.164550059573,20
sysrisk,0.625,0,-1.5971924304e-16,-0.00973612793263,0.00897038674392,20
sysrisk,0.625,0.05,0.0822818661881,0.0786940250237,0.0856976741564,20
sysrisk,0.625,0.1,0.111852979116,0.105680123795,0.118534041651,20
sysrisk,0.625,0.2,0.224840492276,0.221949398077,0.227355298464,20
sysrisk,0.625,0.3,0.241482915705,0.238262567632,0.245117927686,20
sysrisk,0.625,0.4,0.245583741268,0.243230498794,0.248191912046,20
sysrisk,0.625,0.5,0.261558436942,0.25985169566,0.263194857293,20
sysrisk,0.625,0.6,0.264609952684,0.263090934839,0.265962974385,20
sysrisk,0.625,0.75,0.244116545851,0.242315412461,0.245840738061,20
sysrisk,0.625,1,0.226155786432,0.223561437863,0.228888073244,20
sysrisk,0.75,0,-1.61437703483e-16,-0.0111478242259,0.0101417627779,20
sysrisk,0.75,0.05,0.0905394475454,0.0863967346845,0.0944308230566,20
sysrisk,0.75,0.1,0.122987868532,0.116296300933,0.130385998312,20
sysrisk,0.75,0.2,0.246399973386,0.243204715778,0.249199112343,20
sysrisk,0.75,0.3,0.265374987594,0.262329126584,0.268801148727,20
sysrisk,0.75,0.4,0.272957153774,0.270565380258,0.27535982757,20
sysrisk,0.75,0.5,0.304015089346,0.30202465805,0.305894777577,20
sysrisk,0.75,0.6,0.309421885777,0.307678366952,0.311052232084,20
sysrisk,0.75,0.75,0.29332436831,0.291706297294,0.294839974468,20
sysrisk,0.75,1,0.277153343514,0.274848723622,0.279563407256,20
sysrisk,0.875,0,1.11911348244e-16,-0.0126604821538,0.0118929763319,20
sysrisk,0.875,0.05,0.0975504555299,0.0928980349753,0.101856259065,20
sysrisk,0.875,0.1,0.132294589552,0.125036939095,0.140431831176,20
sysrisk,0.875,0.2,0.262603724423,0.25897866482,0.265793962687,20
sysrisk,0.875,0.3,0.282524364595,0.279998615208,0.285264189721,20
sysrisk,0.875,0.4,0.29288504407,0.290660317045,0.295009659693,20
sysrisk,0.875,0.5,0.33649917737,0.334239235219,0.338604992679,20
sysrisk,0.875,0.6,0.343857093109,0.341946726704,0.345687612177,20
sysrisk,0.875,0.75,0.331564607359,0.330183032805,0.332844040596,20
sysrisk,0.875,1,0.316580037482,0.314498124588,0.318916934037,20
sysrisk,1,0,-1.79110198895e-17,-0.014475544641,0.0132857993339,20
sysrisk,1,0.05,0.103477144611,0.0983046827028,0.108221707502,20
sysrisk,1,0.1,0.140109021227,0.132145448457,0.149187922084,20
sysrisk,1,0.2,0.274097226097,0.269892653158,0.277744600099,20
sysrisk,1,0.3,0.29365035069,0.291957358932,0.295399620471,20
sysrisk,1,0.4,0.306189652285,0.304198526538,0.308087756506,20
sysrisk,1,0.5,0.360086323974,0.357611951404,0.362393722906,20
sysrisk,1,0.6,0.369109411916,0.367155494779,0.371100072555,20
sysrisk,1,0.75,0.360095626126,0.359007274281,0.361156071513,20
sysrisk,1,1,0.345695894028,0.343741744338,0.347901201837,20
