run_id,stage,task,example,runtime_seconds,status,S,A,coverage_min,min_visits_min,final_residual_max
s0_seir_convergence_seed00,stage0_smoke,convergence,seir,0.557,done,35,4,100.0,14.0,9.105205478476819e-10
s0_seir_ideal,stage0_smoke,idealized_profile,seir,0.353,done,35,4,,,9.105205478476819e-10
s0_seir_sampled_seed00,stage0_smoke,sampled_profile,seir,0.223,done,35,4,100.0,14.0,
s0_sis_convergence_seed00,stage0_smoke,convergence,sis,0.120,done,9,4,100.0,27.0,6.984921530062138e-10
s0_sis_ideal,stage0_smoke,idealized_profile,sis,0.042,done,9,4,,,6.984921530062138e-10
s0_sis_sampled_seed00,stage0_smoke,sampled_profile,sis,0.106,done,9,4,100.0,27.0,
s0_sysrisk_convergence_seed00,stage0_smoke,convergence,sysrisk,0.730,done,6,216,100.0,2.0,5.787530454881562e-10
s0_sysrisk_ideal,stage0_smoke,idealized_profile,sysrisk,0.481,done,6,216,,,5.787530454881562e-10
s0_sysrisk_sampled_seed00,stage0_smoke,sampled_profile,sysrisk,0.430,done,6,216,100.0,2.0,
s1_lambda_seir,stage1_idealized,lambda_sensitivity,seir,19.613,done,,,,,
s1_lambda_sis,stage1_idealized,lambda_sensitivity,sis,0.666,done,,,,,
s1_lambda_sysrisk,stage1_idealized,lambda_sensitivity,sysrisk,8.823,done,,,,,
s1_seir_main,stage1_idealized,idealized_profile,seir,36.146,done,165,11,,,9.800382727576107e-10
s1_sis_main,stage1_idealized,idealized_profile,sis,0.837,done,13,11,,,7.450582373280668e-10
s1_sysrisk_fine,stage1_idealized,idealized_profile,sysrisk,410.863,done,21,9261,,,9.313225746154785e-10
s1_sysrisk_samegrid,stage1_idealized,idealized_profile,sysrisk,9.364,done,21,216,,,9.995089200742768e-10
s2_sysrisk_w075_u05m_seed00,stage2_sysrisk_screen,sampled_profile,sysrisk,1054.709,done,21,216,100.0,1102.0,
s2_sysrisk_w075_u05m_seed01,stage2_sysrisk_screen,sampled_profile,sysrisk,1077.276,done,21,216,100.0,1102.0,
s2_sysrisk_w075_u05m_seed02,stage2_sysrisk_screen,sampled_profile,sysrisk,1046.592,done,21,216,100.0,1102.0,
s2_sysrisk_w075_u05m_seed03,stage2_sysrisk_screen,sampled_profile,sysrisk,1059.998,done,21,216,100.0,1102.0,
s2_sysrisk_w075_u05m_seed04,stage2_sysrisk_screen,sampled_profile,sysrisk,1049.247,done,21,216,100.0,1102.0,
s2_sysrisk_w075_u10m_seed00,stage2_sysrisk_screen,sampled_profile,sysrisk,2141.932,done,21,216,100.0,2204.0,
s2_sysrisk_w075_u10m_seed01,stage2_sysrisk_screen,sampled_profile,sysrisk,2134.511,done,21,216,100.0,2204.0,
s2_sysrisk_w075_u10m_seed02,stage2_sysrisk_screen,sampled_profile,sysrisk,2112.035,done,21,216,100.0,2204.0,
s2_sysrisk_w075_u10m_seed03,stage2_sysrisk_screen,sampled_profile,sysrisk,2181.395,done,21,216,100.0,2204.0,
s2_sysrisk_w075_u10m_seed04,stage2_sysrisk_screen,sampled_profile,sysrisk,2179.026,done,21,216,100.0,2204.0,
s2_sysrisk_w080_u05m_seed00,stage2_sysrisk_screen,sampled_profile,sysrisk,1139.038,done,21,216,100.0,1102.0,
s2_sysrisk_w080_u05m_seed01,stage2_sysrisk_screen,sampled_profile,sysrisk,1152.437,done,21,216,100.0,1102.0,
s2_sysrisk_w080_u05m_seed02,stage2_sysrisk_screen,sampled_profile,sysrisk,1148.245,done,21,216,100.0,1102.0,
s2_sysrisk_w080_u05m_seed03,stage2_sysrisk_screen,sampled_profile,sysrisk,1152.456,done,21,216,100.0,1102.0,
s2_sysrisk_w080_u05m_seed04,stage2_sysrisk_screen,sampled_profile,sysrisk,1145.245,done,21,216,100.0,1102.0,
s2_sysrisk_w080_u10m_seed00,stage2_sysrisk_screen,sampled_profile,sysrisk,2206.219,done,21,216,100.0,2204.0,
s2_sysrisk_w080_u10m_seed01,stage2_sysrisk_screen,sampled_profile,sysrisk,2181.836,done,21,216,100.0,2204.0,
s2_sysrisk_w080_u10m_seed02,stage2_sysrisk_screen,sampled_profile,sysrisk,2221.861,done,21,216,100.0,2204.0,
s2_sysrisk_w080_u10m_seed03,stage2_sysrisk_screen,sampled_profile,sysrisk,2338.133,done,21,216,100.0,2204.0,
s2_sysrisk_w080_u10m_seed04,stage2_sysrisk_screen,sampled_profile,sysrisk,2342.890,done,21,216,100.0,2204.0,
s2_sysrisk_w085_u05m_seed00,stage2_sysrisk_screen,sampled_profile,sysrisk,1169.135,done,21,216,100.0,1102.0,
s2_sysrisk_w085_u05m_seed01,stage2_sysrisk_screen,sampled_profile,sysrisk,1136.663,done,21,216,100.0,1102.0,
s2_sysrisk_w085_u05m_seed02,stage2_sysrisk_screen,sampled_profile,sysrisk,1152.833,done,21,216,100.0,1102.0,
s2_sysrisk_w085_u05m_seed03,stage2_sysrisk_screen,sampled_profile,sysrisk,1154.260,done,21,216,100.0,1102.0,
s2_sysrisk_w085_u05m_seed04,stage2_sysrisk_screen,sampled_profile,sysrisk,1147.818,done,21,216,100.0,1102.0,
s2_sysrisk_w085_u10m_seed00,stage2_sysrisk_screen,sampled_profile,sysrisk,2179.520,done,21,216,100.0,2204.0,
s2_sysrisk_w085_u10m_seed01,stage2_sysrisk_screen,sampled_profile,sysrisk,2188.824,done,21,216,100.0,2204.0,
s2_sysrisk_w085_u10m_seed02,stage2_sysrisk_screen,sampled_profile,sysrisk,2191.718,done,21,216,100.0,2204.0,
s2_sysrisk_w085_u10m_seed03,stage2_sysrisk_screen,sampled_profile,sysrisk,2154.058,done,21,216,100.0,2204.0,
s2_sysrisk_w085_u10m_seed04,stage2_sysrisk_screen,sampled_profile,sysrisk,2173.492,done,21,216,100.0,2204.0,
s3_seir_seed00,stage3_final,sampled_profile,seir,3106.854,done,165,11,100.0,1652.0,
s3_seir_seed01,stage3_final,sampled_profile,seir,3083.247,done,165,11,100.0,1652.0,
s3_seir_seed02,stage3_final,sampled_profile,seir,3099.650,done,165,11,100.0,1652.0,
s3_seir_seed03,stage3_final,sampled_profile,seir,3104.608,done,165,11,100.0,1652.0,
s3_seir_seed04,stage3_final,sampled_profile,seir,3087.909,done,165,11,100.0,1652.0,
s3_seir_seed05,stage3_final,sampled_profile,seir,3160.383,done,165,11,100.0,1652.0,
s3_seir_seed06,stage3_final,sampled_profile,seir,3075.897,done,165,11,100.0,1652.0,
s3_seir_seed07,stage3_final,sampled_profile,seir,3136.436,done,165,11,100.0,1652.0,
s3_seir_seed08,stage3_final,sampled_profile,seir,3106.756,done,165,11,100.0,1652.0,
s3_seir_seed09,stage3_final,sampled_profile,seir,3103.183,done,165,11,100.0,1652.0,
s3_seir_seed10,stage3_final,sampled_profile,seir,3143.560,done,165,11,100.0,1652.0,
s3_seir_seed11,stage3_final,sampled_profile,seir,3101.138,done,165,11,100.0,1652.0,
s3_seir_seed12,stage3_final,sampled_profile,seir,3108.223,done,165,11,100.0,1652.0,
s3_seir_seed13,stage3_final,sampled_profile,seir,3131.288,done,165,11,100.0,1652.0,
s3_seir_seed14,stage3_final,sampled_profile,seir,3083.386,done,165,11,100.0,1652.0,
s3_seir_seed15,stage3_final,sampled_profile,seir,3083.636,done,165,11,100.0,1652.0,
s3_seir_seed16,stage3_final,sampled_profile,seir,3113.774,done,165,11,100.0,1652.0,
s3_seir_seed17,stage3_final,sampled_profile,seir,3134.973,done,165,11,100.0,1652.0,
s3_seir_seed18,stage3_final,sampled_profile,seir,3152.542,done,165,11,100.0,1652.0,
s3_seir_seed19,stage3_final,sampled_profile,seir,3092.785,done,165,11,100.0,1652.0,
s3_sis_seed00,stage3_final,sampled_profile,sis,1115.232,done,13,11,100.0,6993.0,
s3_sis_seed01,stage3_final,sampled_profile,sis,1108.464,done,13,11,100.0,6993.0,
s3_sis_seed02,stage3_final,sampled_profile,sis,1111.303,done,13,11,100.0,6993.0,
s3_sis_seed03,stage3_final,sampled_profile,sis,1107.217,done,13,11,100.0,6993.0,
s3_sis_seed04,stage3_final,sampled_profile,sis,1113.895,done,13,11,100.0,6993.0,
s3_sis_seed05,stage3_final,sampled_profile,sis,1121.859,done,13,11,100.0,6993.0,
s3_sis_seed06,stage3_final,sampled_profile,sis,1104.127,done,13,11,100.0,6993.0,
s3_sis_seed07,stage3_final,sampled_profile,sis,1122.363,done,13,11,100.0,6993.0,
s3_sis_seed08,stage3_final,sampled_profile,sis,1133.880,done,13,11,100.0,6993.0,
s3_sis_seed09,stage3_final,sampled_profile,sis,1148.881,done,13,11,100.0,6993.0,
s3_sis_seed10,stage3_final,sampled_profile,sis,1119.614,done,13,11,100.0,6993.0,
s3_sis_seed11,stage3_final,sampled_profile,sis,1116.377,done,13,11,100.0,6993.0,
s3_sis_seed12,stage3_final,sampled_profile,sis,1119.122,done,13,11,100.0,6993.0,
s3_sis_seed13,stage3_final,sampled_profile,sis,1115.546,done,13,11,100.0,6993.0,
s3_sis_seed14,stage3_final,sampled_profile,sis,1097.620,done,13,11,100.0,6993.0,
s3_sis_seed15,stage3_final,sampled_profile,sis,1134.512,done,13,11,100.0,6993.0,
s3_sis_seed16,stage3_final,sampled_profile,sis,1102.971,done,13,11,100.0,6993.0,
s3_sis_seed17,stage3_final,sampled_profile,sis,1110.479,done,13,11,100.0,6993.0,
s3_sis_seed18,stage3_final,sampled_profile,sis,1118.526,done,13,11,100.0,6993.0,
s3_sis_seed19,stage3_final,sampled_profile,sis,1116.306,done,13,11,100.0,6993.0,
s3_sysrisk_seed00,stage3_final,sampled_profile,sysrisk,3248.763,done,21,216,100.0,1102.0,
s3_sysrisk_seed01,stage3_final,sampled_profile,sysrisk,3334.408,done,21,216,100.0,1102.0,
s3_sysrisk_seed02,stage3_final,sampled_profile,sysrisk,3254.425,done,21,216,100.0,1102.0,
s3_sysrisk_seed03,stage3_final,sampled_profile,sysrisk,3238.084,done,21,216,100.0,1102.0,
s3_sysrisk_seed04,stage3_final,sampled_profile,sysrisk,3255.405,done,21,216,100.0,1102.0,
s3_sysrisk_seed05,stage3_final,sampled_profile,sysrisk,3199.573,done,21,216,100.0,1102.0,
s3_sysrisk_seed06,stage3_final,sampled_profile,sysrisk,3239.883,done,21,216,100.0,1102.0,
s3_sysrisk_seed07,stage3_final,sampled_profile,sysrisk,3235.950,done,21,216,100.0,1102.0,
s3_sysrisk_seed08,stage3_final,sampled_profile,sysrisk,3285.342,done,21,216,100.0,1102.0,
s3_sysrisk_seed09,stage3_final,sampled_profile,sysrisk,3199.528,done,21,216,100.0,1102.0,
s3_sysrisk_seed10,stage3_final,sampled_profile,sysrisk,3299.643,done,21,216,100.0,1102.0,
s3_sysrisk_seed11,stage3_final,sampled_profile,sysrisk,3199.763,done,21,216,100.0,1102.0,
s3_sysrisk_seed12,stage3_final,sampled_profile,sysrisk,3196.821,done,21,216,100.0,1102.0,
s3_sysrisk_seed13,stage3_final,sampled_profile,sysrisk,3195.781,done,21,216,100.0,1102.0,
s3_sysrisk_seed14,stage3_final,sampled_profile,sysrisk,3206.756,done,21,216,100.0,1102.0,
s3_sysrisk_seed15,stage3_final,sampled_profile,sysrisk,3196.572,done,21,216,100.0,1102.0,
s3_sysrisk_seed16,stage3_final,sampled_profile,sysrisk,3251.504,done,21,216,100.0,1102.0,
s3_sysrisk_seed17,stage3_final,sampled_profile,sysrisk,3257.396,done,21,216,100.0,1102.0,
s3_sysrisk_seed18,stage3_final,sampled_profile,sysrisk,3200.651,done,21,216,100.0,1102.0,
s3_sysrisk_seed19,stage3_final,sampled_profile,sysrisk,3248.749,done,21,216,100.0,1102.0,
s3b_seir_5m_seed00,stage3_seir_escalation,sampled_profile,seir,4906.459,done,165,11,100.0,2754.0,
s3b_seir_5m_seed01,stage3_seir_escalation,sampled_profile,seir,4719.511,done,165,11,100.0,2754.0,
s3b_seir_5m_seed02,stage3_seir_escalation,sampled_profile,seir,4688.955,done,165,11,100.0,2754.0,
s3b_seir_5m_seed03,stage3_seir_escalation,sampled_profile,seir,4736.146,done,165,11,100.0,2754.0,
s3b_seir_5m_seed04,stage3_seir_escalation,sampled_profile,seir,4740.998,done,165,11,100.0,2754.0,
s3b_seir_5m_seed05,stage3_seir_escalation,sampled_profile,seir,4684.748,done,165,11,100.0,2754.0,
s3b_seir_5m_seed06,stage3_seir_escalation,sampled_profile,seir,4720.379,done,165,11,100.0,2754.0,
s3b_seir_5m_seed07,stage3_seir_escalation,sampled_profile,seir,4661.511,done,165,11,100.0,2754.0,
s3b_seir_5m_seed08,stage3_seir_escalation,sampled_profile,seir,4672.001,done,165,11,100.0,2754.0,
s3b_seir_5m_seed09,stage3_seir_escalation,sampled_profile,seir,4744.026,done,165,11,100.0,2754.0,
s4_main_seir_m0_seed00,stage4_convergence,convergence,seir,106.855,done,165,11,100.0,1652.0,9.518368315752923e-10
s4_main_seir_m0_seed01,stage4_convergence,convergence,seir,108.184,done,165,11,100.0,1652.0,9.518368315752923e-10
s4_main_seir_m0_seed02,stage4_convergence,convergence,seir,109.993,done,165,11,100.0,1652.0,9.518368315752923e-10
s4_main_seir_m0_seed03,stage4_convergence,convergence,seir,106.485,done,165,11,100.0,1652.0,9.518368315752923e-10
s4_main_seir_m0_seed04,stage4_convergence,convergence,seir,107.343,done,165,11,100.0,1652.0,9.518368315752923e-10
s4_main_seir_m0_seed05,stage4_convergence,convergence,seir,107.156,done,165,11,100.0,1652.0,9.518368315752923e-10
s4_main_seir_m0_seed06,stage4_convergence,convergence,seir,107.873,done,165,11,100.0,1652.0,9.518368315752923e-10
s4_main_seir_m0_seed07,stage4_convergence,convergence,seir,106.862,done,165,11,100.0,1652.0,9.518368315752923e-10
s4_main_seir_m0_seed08,stage4_convergence,convergence,seir,113.152,done,165,11,100.0,1652.0,9.518368315752923e-10
s4_main_seir_m0_seed09,stage4_convergence,convergence,seir,111.413,done,165,11,100.0,1652.0,9.518368315752923e-10
s4_main_seir_m0p1_seed00,stage4_convergence,convergence,seir,206.544,done,165,11,100.0,1652.0,9.518368315752923e-10
s4_main_seir_m0p1_seed01,stage4_convergence,convergence,seir,205.496,done,165,11,100.0,1652.0,9.518368315752923e-10
s4_main_seir_m0p1_seed02,stage4_convergence,convergence,seir,205.751,done,165,11,100.0,1652.0,9.518368315752923e-10
s4_main_seir_m0p1_seed03,stage4_convergence,convergence,seir,205.517,done,165,11,100.0,1652.0,9.518368315752923e-10
s4_main_seir_m0p1_seed04,stage4_convergence,convergence,seir,205.765,done,165,11,100.0,1652.0,9.518368315752923e-10
s4_main_seir_m0p1_seed05,stage4_convergence,convergence,seir,205.819,done,165,11,100.0,1652.0,9.518368315752923e-10
s4_main_seir_m0p1_seed06,stage4_convergence,convergence,seir,204.758,done,165,11,100.0,1652.0,9.518368315752923e-10
s4_main_seir_m0p1_seed07,stage4_convergence,convergence,seir,207.614,done,165,11,100.0,1652.0,9.518368315752923e-10
s4_main_seir_m0p1_seed08,stage4_convergence,convergence,seir,209.271,done,165,11,100.0,1652.0,9.518368315752923e-10
s4_main_seir_m0p1_seed09,stage4_convergence,convergence,seir,207.377,done,165,11,100.0,1652.0,9.518368315752923e-10
s4_main_seir_m0p3_seed00,stage4_convergence,convergence,seir,208.474,done,165,11,100.0,1652.0,9.800382727576107e-10
s4_main_seir_m0p3_seed01,stage4_convergence,convergence,seir,210.705,done,165,11,100.0,1652.0,9.800382727576107e-10
s4_main_seir_m0p3_seed02,stage4_convergence,convergence,seir,205.785,done,165,11,100.0,1652.0,9.800382727576107e-10
s4_main_seir_m0p3_seed03,stage4_convergence,convergence,seir,208.358,done,165,11,100.0,1652.0,9.800382727576107e-10
s4_main_seir_m0p3_seed04,stage4_convergence,convergence,seir,208.630,done,165,11,100.0,1652.0,9.800382727576107e-10
s4_main_seir_m0p3_seed05,stage4_convergence,convergence,seir,206.801,done,165,11,100.0,1652.0,9.800382727576107e-10
s4_main_seir_m0p3_seed06,stage4_convergence,convergence,seir,198.751,done,165,11,100.0,1652.0,9.800382727576107e-10
s4_main_seir_m0p3_seed07,stage4_convergence,convergence,seir,200.247,done,165,11,100.0,1652.0,9.800382727576107e-10
s4_main_seir_m0p3_seed08,stage4_convergence,convergence,seir,198.765,done,165,11,100.0,1652.0,9.800382727576107e-10
s4_main_seir_m0p3_seed09,stage4_convergence,convergence,seir,199.018,done,165,11,100.0,1652.0,9.800382727576107e-10
s4_main_sis_m0_seed00,stage4_convergence,convergence,sis,35.986,done,13,11,100.0,6993.0,5.600879759981581e-10
s4_main_sis_m0_seed01,stage4_convergence,convergence,sis,36.402,done,13,11,100.0,6993.0,5.600879759981581e-10
s4_main_sis_m0_seed02,stage4_convergence,convergence,sis,36.450,done,13,11,100.0,6993.0,5.600879759981581e-10
s4_main_sis_m0_seed03,stage4_convergence,convergence,sis,36.108,done,13,11,100.0,6993.0,5.600879759981581e-10
s4_main_sis_m0_seed04,stage4_convergence,convergence,sis,36.563,done,13,11,100.0,6993.0,5.600879759981581e-10
s4_main_sis_m0_seed05,stage4_convergence,convergence,sis,35.990,done,13,11,100.0,6993.0,5.600879759981581e-10
s4_main_sis_m0_seed06,stage4_convergence,convergence,sis,36.124,done,13,11,100.0,6993.0,5.600879759981581e-10
s4_main_sis_m0_seed07,stage4_convergence,convergence,sis,36.053,done,13,11,100.0,6993.0,5.600879759981581e-10
s4_main_sis_m0_seed08,stage4_convergence,convergence,sis,35.996,done,13,11,100.0,6993.0,5.600879759981581e-10
s4_main_sis_m0_seed09,stage4_convergence,convergence,sis,36.259,done,13,11,100.0,6993.0,5.600879759981581e-10
s4_main_sis_m0p05_seed00,stage4_convergence,convergence,sis,71.963,done,13,11,100.0,6993.0,5.959521764964393e-10
s4_main_sis_m0p05_seed01,stage4_convergence,convergence,sis,71.646,done,13,11,100.0,6993.0,5.959521764964393e-10
s4_main_sis_m0p05_seed02,stage4_convergence,convergence,sis,76.271,done,13,11,100.0,6993.0,5.959521764964393e-10
s4_main_sis_m0p05_seed03,stage4_convergence,convergence,sis,71.259,done,13,11,100.0,6993.0,5.959521764964393e-10
s4_main_sis_m0p05_seed04,stage4_convergence,convergence,sis,71.729,done,13,11,100.0,6993.0,5.959521764964393e-10
s4_main_sis_m0p05_seed05,stage4_convergence,convergence,sis,70.931,done,13,11,100.0,6993.0,5.959521764964393e-10
s4_main_sis_m0p05_seed06,stage4_convergence,convergence,sis,72.764,done,13,11,100.0,6993.0,5.959521764964393e-10
s4_main_sis_m0p05_seed07,stage4_convergence,convergence,sis,71.438,done,13,11,100.0,6993.0,5.959521764964393e-10
s4_main_sis_m0p05_seed08,stage4_convergence,convergence,sis,72.107,done,13,11,100.0,6993.0,5.959521764964393e-10
s4_main_sis_m0p05_seed09,stage4_convergence,convergence,sis,72.116,done,13,11,100.0,6993.0,5.959521764964393e-10
s4_main_sis_m0p3_seed00,stage4_convergence,convergence,sis,70.443,done,13,11,100.0,6993.0,7.450582373280668e-10
s4_main_sis_m0p3_seed01,stage4_convergence,convergence,sis,71.281,done,13,11,100.0,6993.0,7.450582373280668e-10
s4_main_sis_m0p3_seed02,stage4_convergence,convergence,sis,72.661,done,13,11,100.0,6993.0,7.450582373280668e-10
s4_main_sis_m0p3_seed03,stage4_convergence,convergence,sis,72.339,done,13,11,100.0,6993.0,7.450582373280668e-10
s4_main_sis_m0p3_seed04,stage4_convergence,convergence,sis,75.617,done,13,11,100.0,6993.0,7.450582373280668e-10
s4_main_sis_m0p3_seed05,stage4_convergence,convergence,sis,74.707,done,13,11,100.0,6993.0,7.450582373280668e-10
s4_main_sis_m0p3_seed06,stage4_convergence,convergence,sis,75.513,done,13,11,100.0,6993.0,7.450582373280668e-10
s4_main_sis_m0p3_seed07,stage4_convergence,convergence,sis,75.088,done,13,11,100.0,6993.0,7.450582373280668e-10
s4_main_sis_m0p3_seed08,stage4_convergence,convergence,sis,73.869,done,13,11,100.0,6993.0,7.450582373280668e-10
s4_main_sis_m0p3_seed09,stage4_convergence,convergence,sis,74.889,done,13,11,100.0,6993.0,7.450582373280668e-10
s4_main_sysrisk_m0_seed00,stage4_convergence,convergence,sysrisk,191.065,done,21,216,100.0,1102.0,5.58793900040655e-10
s4_main_sysrisk_m0_seed01,stage4_convergence,convergence,sysrisk,175.530,done,21,216,100.0,1102.0,5.58793900040655e-10
s4_main_sysrisk_m0_seed02,stage4_convergence,convergence,sysrisk,176.230,done,21,216,100.0,1102.0,5.58793900040655e-10
s4_main_sysrisk_m0_seed03,stage4_convergence,convergence,sysrisk,177.014,done,21,216,100.0,1102.0,5.58793900040655e-10
s4_main_sysrisk_m0_seed04,stage4_convergence,convergence,sysrisk,177.551,done,21,216,100.0,1102.0,5.58793900040655e-10
s4_main_sysrisk_m0_seed05,stage4_convergence,convergence,sysrisk,182.888,done,21,216,100.0,1102.0,5.58793900040655e-10
s4_main_sysrisk_m0_seed06,stage4_convergence,convergence,sysrisk,176.310,done,21,216,100.0,1102.0,5.58793900040655e-10
s4_main_sysrisk_m0_seed07,stage4_convergence,convergence,sysrisk,174.433,done,21,216,100.0,1102.0,5.58793900040655e-10
s4_main_sysrisk_m0_seed08,stage4_convergence,convergence,sysrisk,175.833,done,21,216,100.0,1102.0,5.58793900040655e-10
s4_main_sysrisk_m0_seed09,stage4_convergence,convergence,sysrisk,176.037,done,21,216,100.0,1102.0,5.58793900040655e-10
s4_main_sysrisk_m0p3_seed00,stage4_convergence,convergence,sysrisk,345.122,done,21,216,100.0,1102.0,5.710134587388893e-10
s4_main_sysrisk_m0p3_seed01,stage4_convergence,convergence,sysrisk,349.822,done,21,216,100.0,1102.0,5.710134587388893e-10
s4_main_sysrisk_m0p3_seed02,stage4_convergence,convergence,sysrisk,350.321,done,21,216,100.0,1102.0,5.710134587388893e-10
s4_main_sysrisk_m0p3_seed03,stage4_convergence,convergence,sysrisk,346.444,done,21,216,100.0,1102.0,5.710134587388893e-10
s4_main_sysrisk_m0p3_seed04,stage4_convergence,convergence,sysrisk,346.523,done,21,216,100.0,1102.0,5.710134587388893e-10
s4_main_sysrisk_m0p3_seed05,stage4_convergence,convergence,sysrisk,350.129,done,21,216,100.0,1102.0,5.710134587388893e-10
s4_main_sysrisk_m0p3_seed06,stage4_convergence,convergence,sysrisk,352.191,done,21,216,100.0,1102.0,5.710134587388893e-10
s4_main_sysrisk_m0p3_seed07,stage4_convergence,convergence,sysrisk,347.843,done,21,216,100.0,1102.0,5.710134587388893e-10
s4_main_sysrisk_m0p3_seed08,stage4_convergence,convergence,sysrisk,345.865,done,21,216,100.0,1102.0,5.710134587388893e-10
s4_main_sysrisk_m0p3_seed09,stage4_convergence,convergence,sysrisk,351.309,done,21,216,100.0,1102.0,5.710134587388893e-10
s4_main_sysrisk_m0p6_seed00,stage4_convergence,convergence,sysrisk,350.570,done,21,216,100.0,1102.0,7.022435966064222e-10
s4_main_sysrisk_m0p6_seed01,stage4_convergence,convergence,sysrisk,350.150,done,21,216,100.0,1102.0,7.022435966064222e-10
s4_main_sysrisk_m0p6_seed02,stage4_convergence,convergence,sysrisk,319.341,done,21,216,100.0,1102.0,7.022435966064222e-10
s4_main_sysrisk_m0p6_seed03,stage4_convergence,convergence,sysrisk,317.910,done,21,216,100.0,1102.0,7.022435966064222e-10
s4_main_sysrisk_m0p6_seed04,stage4_convergence,convergence,sysrisk,321.764,done,21,216,100.0,1102.0,7.022435966064222e-10
s4_main_sysrisk_m0p6_seed05,stage4_convergence,convergence,sysrisk,319.640,done,21,216,100.0,1102.0,7.022435966064222e-10
s4_main_sysrisk_m0p6_seed06,stage4_convergence,convergence,sysrisk,319.487,done,21,216,100.0,1102.0,7.022435966064222e-10
s4_main_sysrisk_m0p6_seed07,stage4_convergence,convergence,sysrisk,334.152,done,21,216,100.0,1102.0,7.022435966064222e-10
s4_main_sysrisk_m0p6_seed08,stage4_convergence,convergence,sysrisk,315.911,done,21,216,100.0,1102.0,7.022435966064222e-10
s4_main_sysrisk_m0p6_seed09,stage4_convergence,convergence,sysrisk,319.048,done,21,216,100.0,1102.0,7.022435966064222e-10
s4_theorem_seir_m0p1_seed00,stage4_convergence,convergence,seir,77.884,done,165,11,100.0,550.0,4.842757306278145e-10
s4_theorem_seir_m0p1_seed01,stage4_convergence,convergence,seir,72.473,done,165,11,100.0,550.0,4.842757306278145e-10
s4_theorem_seir_m0p1_seed02,stage4_convergence,convergence,seir,72.091,done,165,11,100.0,550.0,4.842757306278145e-10
s4_theorem_seir_m0p1_seed03,stage4_convergence,convergence,seir,73.660,done,165,11,100.0,550.0,4.842757306278145e-10
s4_theorem_seir_m0p1_seed04,stage4_convergence,convergence,seir,73.599,done,165,11,100.0,550.0,4.842757306278145e-10
s4_theorem_seir_m0p1_seed05,stage4_convergence,convergence,seir,72.279,done,165,11,100.0,550.0,4.842757306278145e-10
s4_theorem_seir_m0p1_seed06,stage4_convergence,convergence,seir,72.921,done,165,11,100.0,550.0,4.842757306278145e-10
s4_theorem_seir_m0p1_seed07,stage4_convergence,convergence,seir,72.244,done,165,11,100.0,550.0,4.842757306278145e-10
s4_theorem_seir_m0p1_seed08,stage4_convergence,convergence,seir,69.221,done,165,11,100.0,550.0,4.842757306278145e-10
s4_theorem_seir_m0p1_seed09,stage4_convergence,convergence,seir,69.233,done,165,11,100.0,550.0,4.842757306278145e-10
s4_theorem_sis_m0p05_seed00,stage4_convergence,convergence,sis,37.944,done,13,11,100.0,3496.0,8.952909524850838e-10
s4_theorem_sis_m0p05_seed01,stage4_convergence,convergence,sis,37.473,done,13,11,100.0,3496.0,8.952909524850838e-10
s4_theorem_sis_m0p05_seed02,stage4_convergence,convergence,sis,38.285,done,13,11,100.0,3496.0,8.952909524850838e-10
s4_theorem_sis_m0p05_seed03,stage4_convergence,convergence,sis,37.791,done,13,11,100.0,3496.0,8.952909524850838e-10
s4_theorem_sis_m0p05_seed04,stage4_convergence,convergence,sis,37.334,done,13,11,100.0,3496.0,8.952909524850838e-10
s4_theorem_sis_m0p05_seed05,stage4_convergence,convergence,sis,37.348,done,13,11,100.0,3496.0,8.952909524850838e-10
s4_theorem_sis_m0p05_seed06,stage4_convergence,convergence,sis,37.290,done,13,11,100.0,3496.0,8.952909524850838e-10
s4_theorem_sis_m0p05_seed07,stage4_convergence,convergence,sis,37.588,done,13,11,100.0,3496.0,8.952909524850838e-10
s4_theorem_sis_m0p05_seed08,stage4_convergence,convergence,sis,38.082,done,13,11,100.0,3496.0,8.952909524850838e-10
s4_theorem_sis_m0p05_seed09,stage4_convergence,convergence,sis,37.628,done,13,11,100.0,3496.0,8.952909524850838e-10
s4_theorem_sysrisk_m0p3_seed00,stage4_convergence,convergence,sysrisk,74.946,done,21,216,100.0,220.0,4.726734559312717e-10
s4_theorem_sysrisk_m0p3_seed01,stage4_convergence,convergence,sysrisk,74.772,done,21,216,100.0,220.0,4.726734559312717e-10
s4_theorem_sysrisk_m0p3_seed02,stage4_convergence,convergence,sysrisk,76.117,done,21,216,100.0,220.0,4.726734559312717e-10
s4_theorem_sysrisk_m0p3_seed03,stage4_convergence,convergence,sysrisk,73.790,done,21,216,100.0,220.0,4.726734559312717e-10
s4_theorem_sysrisk_m0p3_seed04,stage4_convergence,convergence,sysrisk,74.644,done,21,216,100.0,220.0,4.726734559312717e-10
s4_theorem_sysrisk_m0p3_seed05,stage4_convergence,convergence,sysrisk,74.775,done,21,216,100.0,220.0,4.726734559312717e-10
s4_theorem_sysrisk_m0p3_seed06,stage4_convergence,convergence,sysrisk,73.841,done,21,216,100.0,220.0,4.726734559312717e-10
s4_theorem_sysrisk_m0p3_seed07,stage4_convergence,convergence,sysrisk,75.278,done,21,216,100.0,220.0,4.726734559312717e-10
s4_theorem_sysrisk_m0p3_seed08,stage4_convergence,convergence,sysrisk,73.773,done,21,216,100.0,220.0,4.726734559312717e-10
s4_theorem_sysrisk_m0p3_seed09,stage4_convergence,convergence,sysrisk,73.621,done,21,216,100.0,220.0,4.726734559312717e-10
s5_ideal_seir_n10_a10,stage5_grid_sensitivity,idealized_profile,seir,72.411,done,286,11,,,9.400871192610794e-10
s5_ideal_seir_n12_a10,stage5_grid_sensitivity,idealized_profile,seir,110.455,done,455,11,,,9.671663470101066e-10
s5_ideal_seir_n8_a10,stage5_grid_sensitivity,idealized_profile,seir,44.246,done,165,11,,,9.800382727576107e-10
s5_ideal_seir_n8_a20,stage5_grid_sensitivity,idealized_profile,seir,77.341,done,165,21,,,9.785368071391076e-10
s5_ideal_sis_n12_a10,stage5_grid_sensitivity,idealized_profile,sis,1.328,done,13,11,,,7.450582373280668e-10
s5_ideal_sis_n12_a20,stage5_grid_sensitivity,idealized_profile,sis,1.966,done,13,21,,,7.372973342967271e-10
s5_ideal_sis_n16_a10,stage5_grid_sensitivity,idealized_profile,sis,1.553,done,17,11,,,7.334168827810572e-10
s5_ideal_sis_n20_a10,stage5_grid_sensitivity,idealized_profile,sis,1.784,done,21,11,,,7.450584593726717e-10
s5_ideal_sysrisk_n5_a2,stage5_grid_sensitivity,idealized_profile,sysrisk,12.071,done,21,216,,,9.995089200742768e-10
s5_ideal_sysrisk_n5_a3,stage5_grid_sensitivity,idealized_profile,sysrisk,50.099,done,21,1000,,,9.313225746154785e-10
s5_ideal_sysrisk_n5_a5,stage5_grid_sensitivity,idealized_profile,sysrisk,420.443,done,21,9261,,,9.313225746154785e-10
s5_sampled_seir_n10_a10_seed00,stage5_grid_sensitivity,sampled_profile,seir,650.596,done,286,11,100.0,953.0,
s5_sampled_seir_n10_a10_seed01,stage5_grid_sensitivity,sampled_profile,seir,641.608,done,286,11,100.0,953.0,
s5_sampled_seir_n10_a10_seed02,stage5_grid_sensitivity,sampled_profile,seir,645.082,done,286,11,100.0,953.0,
s5_sampled_seir_n10_a10_seed03,stage5_grid_sensitivity,sampled_profile,seir,637.793,done,286,11,100.0,953.0,
s5_sampled_seir_n10_a10_seed04,stage5_grid_sensitivity,sampled_profile,seir,679.156,done,286,11,100.0,953.0,
s5_sampled_sis_n20_a10_seed00,stage5_grid_sensitivity,sampled_profile,sis,221.183,done,21,11,100.0,4329.0,
s5_sampled_sis_n20_a10_seed01,stage5_grid_sensitivity,sampled_profile,sis,222.273,done,21,11,100.0,4329.0,
s5_sampled_sis_n20_a10_seed02,stage5_grid_sensitivity,sampled_profile,sis,235.689,done,21,11,100.0,4329.0,
s5_sampled_sis_n20_a10_seed03,stage5_grid_sensitivity,sampled_profile,sis,222.388,done,21,11,100.0,4329.0,
s5_sampled_sis_n20_a10_seed04,stage5_grid_sensitivity,sampled_profile,sis,221.673,done,21,11,100.0,4329.0,
s5_sampled_sysrisk_n5_a3_seed00,stage5_grid_sensitivity,sampled_profile,sysrisk,2152.104,done,21,1000,100.0,476.0,
s5_sampled_sysrisk_n5_a3_seed01,stage5_grid_sensitivity,sampled_profile,sysrisk,2134.092,done,21,1000,100.0,476.0,
s5_sampled_sysrisk_n5_a3_seed02,stage5_grid_sensitivity,sampled_profile,sysrisk,2257.742,done,21,1000,100.0,476.0,
s5_sampled_sysrisk_n5_a3_seed03,stage5_grid_sensitivity,sampled_profile,sysrisk,2109.813,done,21,1000,100.0,476.0,
s5_sampled_sysrisk_n5_a3_seed04,stage5_grid_sensitivity,sampled_profile,sysrisk,2128.749,done,21,1000,100.0,476.0,
